{
  "hash": "8d2f14f7",
  "configHash": "a76e996b",
  "lockfileHash": "ab1a6a7e",
  "browserHash": "30c78711",
  "optimized": {
    "@angular/core": {
      "src": "../../../../../../node_modules/@angular/core/fesm2022/core.mjs",
      "file": "@angular_core.js",
      "fileHash": "f25274e6",
      "needsInterop": false
    },
    "@angular/platform-browser": {
      "src": "../../../../../../node_modules/@angular/platform-browser/fesm2022/platform-browser.mjs",
      "file": "@angular_platform-browser.js",
      "fileHash": "99100093",
      "needsInterop": false
    },
    "@angular/router": {
      "src": "../../../../../../node_modules/@angular/router/fesm2022/router.mjs",
      "file": "@angular_router.js",
      "fileHash": "e21080bf",
      "needsInterop": false
    },
    "zone.js": {
      "src": "../../../../../../node_modules/zone.js/fesm2015/zone.js",
      "file": "zone__js.js",
      "fileHash": "b24b64fc",
      "needsInterop": true
    },
    "@angular/material/badge": {
      "src": "../../../../../../node_modules/@angular/material/fesm2022/badge.mjs",
      "file": "@angular_material_badge.js",
      "fileHash": "1561323f",
      "needsInterop": false
    },
    "@angular/material/button": {
      "src": "../../../../../../node_modules/@angular/material/fesm2022/button.mjs",
      "file": "@angular_material_button.js",
      "fileHash": "1b77dc5a",
      "needsInterop": false
    },
    "@angular/material/icon": {
      "src": "../../../../../../node_modules/@angular/material/fesm2022/icon.mjs",
      "file": "@angular_material_icon.js",
      "fileHash": "c23c8ece",
      "needsInterop": false
    },
    "@angular/cdk/bidi": {
      "src": "../../../../../../node_modules/@angular/cdk/fesm2022/bidi.mjs",
      "file": "@angular_cdk_bidi.js",
      "fileHash": "9f5e1b9e",
      "needsInterop": false
    },
    "@angular/common/http": {
      "src": "../../../../../../node_modules/@angular/common/fesm2022/http.mjs",
      "file": "@angular_common_http.js",
      "fileHash": "a5928f2e",
      "needsInterop": false
    },
    "@angular/material/card": {
      "src": "../../../../../../node_modules/@angular/material/fesm2022/card.mjs",
      "file": "@angular_material_card.js",
      "fileHash": "6c431c01",
      "needsInterop": false
    },
    "@angular/common": {
      "src": "../../../../../../node_modules/@angular/common/fesm2022/common.mjs",
      "file": "@angular_common.js",
      "fileHash": "2c6b7466",
      "needsInterop": false
    },
    "@angular/material/dialog": {
      "src": "../../../../../../node_modules/@angular/material/fesm2022/dialog.mjs",
      "file": "@angular_material_dialog.js",
      "fileHash": "95694698",
      "needsInterop": false
    },
    "@angular/material/divider": {
      "src": "../../../../../../node_modules/@angular/material/fesm2022/divider.mjs",
      "file": "@angular_material_divider.js",
      "fileHash": "5d46b300",
      "needsInterop": false
    },
    "@angular/material/list": {
      "src": "../../../../../../node_modules/@angular/material/fesm2022/list.mjs",
      "file": "@angular_material_list.js",
      "fileHash": "3aa2fc61",
      "needsInterop": false
    },
    "@angular/forms": {
      "src": "../../../../../../node_modules/@angular/forms/fesm2022/forms.mjs",
      "file": "@angular_forms.js",
      "fileHash": "d325f0d9",
      "needsInterop": false
    },
    "@angular/material/menu": {
      "src": "../../../../../../node_modules/@angular/material/fesm2022/menu.mjs",
      "file": "@angular_material_menu.js",
      "fileHash": "24d818e9",
      "needsInterop": false
    }
  },
  "chunks": {
    "chunk-JTIM4MYN": {
      "file": "chunk-JTIM4MYN.js"
    },
    "chunk-ZNWKQEWN": {
      "file": "chunk-ZNWKQEWN.js"
    },
    "chunk-GV7VEKML": {
      "file": "chunk-GV7VEKML.js"
    },
    "chunk-SSVDKXKF": {
      "file": "chunk-SSVDKXKF.js"
    },
    "chunk-CLO6T7JI": {
      "file": "chunk-CLO6T7JI.js"
    },
    "chunk-AFSVVJHC": {
      "file": "chunk-AFSVVJHC.js"
    },
    "chunk-VP3CKZI3": {
      "file": "chunk-VP3CKZI3.js"
    },
    "chunk-LYHVK2OL": {
      "file": "chunk-LYHVK2OL.js"
    },
    "chunk-KAPXTIMC": {
      "file": "chunk-KAPXTIMC.js"
    },
    "chunk-W4KKHYEK": {
      "file": "chunk-W4KKHYEK.js"
    },
    "chunk-6AAPOV4L": {
      "file": "chunk-6AAPOV4L.js"
    },
    "chunk-FXMAG7HE": {
      "file": "chunk-FXMAG7HE.js"
    },
    "chunk-PJCOEOR6": {
      "file": "chunk-PJCOEOR6.js"
    },
    "chunk-ZH6LALFQ": {
      "file": "chunk-ZH6LALFQ.js"
    },
    "chunk-WDOPGFCJ": {
      "file": "chunk-WDOPGFCJ.js"
    },
    "chunk-WDMUDEB6": {
      "file": "chunk-WDMUDEB6.js"
    }
  }
}